project,7_day_volume
nifty_gateway,69.69
opensea,14619912.701182712
blur,70273969.22676337
magic_eden,7968760.050467411
cryptopunks,2651851.5319
